Year,Month,Stn_Name,Prov,Tm,S,P
1917,1,COWICHAN,BC,1.3,54.6,114.7
1917,1,COWICHAN BAY CHERRY POINT,BC,1.3,24.1,87.7
1917,1,JAMES ISLAND,BC,3.3,25.3,95.8
1917,1,METCHOSIN,BC,2.2,46.9,156.4
1917,1,MILNES LANDING,BC,2.4,16.5,127.8
1917,1,SAANICHTON CDA,BC,2.0,41.7,102.2
1917,1,SALTSPRING ISLAND,BC,2.0,41.5,104.5
1917,1,SAANICH DOM ASTRO OBS,BC,1.3,58.4,111.6
1917,1,SHAWNIGAN LAKE,BC,0.2,35.5,76.3
1917,1,VICTORIA GONZALES HTS,BC,3.3,47.3,112.2
1917,1,ALERT BAY,BC,3.2,40.6,186.0
1917,1,ENTRANCE ISLAND,BC,3.3,30.4,98.0
1917,1,LADYSMITH,BC,0.8,30.8,95.8
1917,1,LAZO,BC,0.1,47.0,108.1
1917,1,NANAIMO,BC,2.4,29.3,91.4
1917,1,NANAIMO DEPARTURE BAY,BC,2.0,25.1,91.0
1917,1,QUALICUM BEACH,BC,1.4,6.1,44.3
1917,1,VANANDA,BC,1.5,20.0,75.8
1917,1,ALBERNI BEAVER CREEK,BC,0.5,63.4,136.1
1917,1,CLAYOQUOT,BC,2.6,40.6,260.4
1917,1,HOLBERG,BC,1.8,62.5,386.2
1917,1,QUATSINO,BC,2.5,29.1,258.6
1917,1,TRIANGLE ISLAND,BC,2.7,10.1,177.9
1917,1,UCLUELET,BC,2.1,14.3,239.5
1917,1,BRITANNIA BEACH FURRY CR,BC,-0.9,15.6,165.5
1917,1,IKEDA BAY,BC,1.4,25.4,77.1
1917,1,MASSET AIRPORT,BC,0.6,48.3,128.4
1917,1,ANYOX,BC,-5.1,166.9,242.3
1917,1,BELLA COOLA,BC,-2.5,36.4,125.5
1917,1,MILL BAY,BC,-4.4,97.7,265.8
1917,1,PRINCE RUPERT,BC,-0.6,38.8,259.0
1917,1,STEWART,BC,-6.1,245.1,354.3
1917,1,TERRACE,BC,-5.9,46.9,150.4
1917,1,BABINE LAKE FISHERIES,BC,-14.1,22.2,22.5
1917,1,NEW HAZELTON,BC,-12.1,22.1,23.4
1917,1,BIG CREEK,BC,-9.9,12.7,12.7
1917,1,KLEENA KLEENE,BC,-9.8,8.4,9.7
1917,1,PEMBERTON MEADOWS,BC,-6.1,57.2,66.7
1917,1,BARKERVILLE,BC,-10.5,236.3,236.3
1917,1,FORT ST JAMES,BC,-14.3,32.6,36.9
1917,1,PRINCE GEORGE,BC,-12.9,35.8,35.8
1917,1,QUESNEL,BC,-12.1,50.7,54.2
1917,1,VANDERHOOF,BC,-16.0,45.9,78.5
1917,1,AGASSIZ CDA,BC,0.3,82.6,256.5
1917,1,CHILLIWACK,BC,0.2,48.3,231.1
1917,1,LADNER,BC,2.4,5.1,61.0
1917,1,NEW WESTMINSTER,BC,0.5,51.1,245.0
1917,1,NORTH NICOMEN,BC,0.7,74.2,258.1
1917,1,STAVE FALLS,BC,0.1,31.7,285.2
1917,1,STEVESTON,BC,1.6,19.1,86.3
1917,1,VANCOUVER PMO,BC,1.2,51.6,237.8
1917,1,HOPE LITTLE MOUNTAIN,BC,-1.2,53.4,177.4
1917,1,PEMBERTON HATCHERY,BC,-4.3,33.5,60.2
1917,1,GLENEMMA,BC,-4.2,69.9,82.7
1917,1,HEDLEY,BC,-7.3,36.5,36.5
1917,1,HEDLEY NP MINE,BC,-10.1,66.0,66.0
1917,1,KELOWNA,BC,-4.3,11.7,12.0
1917,1,KELOWNA BANKHEAD,BC,-4.5,11.8,11.8
1917,1,NICOLA LAKE,BC,-6.2,3.8,3.8
1917,1,PENTICTON,BC,-4.0,7.3,8.6
1917,1,PRINCETON,BC,-8.6,16.8,17.3
1917,1,SUMMERLAND,BC,-6.7,8.2,8.2
1917,1,SUMMERLAND CDA,BC,-4.8,5.2,8.8
1917,1,VERNON COLDSTREAM RANCH,BC,-7.9,25.2,28.2
1917,1,WOODS LAKE,BC,-4.6,17.0,17.0
1917,1,GRAND FORKS RAYFIELD,BC,-8.6,51.3,51.3
1917,1,GREENWOOD,BC,-7.7,54.6,54.6
1917,1,BOSWELL,BC,-2.6,38.7,55.3
1917,1,CASTLEGAR,BC,-5.6,50.9,62.9
1917,1,CRAWFORD BAY,BC,-4.1,84.8,92.0
1917,1,CRESTON,BC,-5.1,14.8,19.4
1917,1,FAUQUIER,BC,-4.4,32.3,32.3
1917,1,KASLO,BC,-4.7,43.1,43.1
1917,1,NAKUSP,BC,-5.9,83.6,84.6
1917,1,NELSON,BC,-4.9,45.6,45.6
1917,1,PERRY SIDING,BC,-6.2,46.9,46.9
1917,1,ROSSLAND CITY YARD,BC,-6.9,65.4,65.4
1917,1,WANETA,BC,-6.6,63.4,63.4
1917,1,WILMER,BC,-9.9,13.1,13.1
1917,1,CRANBROOK,BC,-8.0,15.2,15.2
1917,1,FERNIE,BC,-8.5,55.9,69.8
1917,1,INVERMERE,BC,-10.9,4.0,4.0
1917,1,NEWGATE,BC,-16.0,25.4,25.4
1917,1,ARMSTRONG,BC,-7.5,44.8,47.8
1917,1,CHINOOK COVE,BC,-9.8,59.3,68.4
1917,1,ENDERBY,BC,-7.8,61.8,68.1
1917,1,KAMLOOPS,BC,-8.2,20.8,21.8
1917,1,SALMON ARM,BC,-8.0,92.3,92.3
1917,1,TAPPEN,BC,-5.5,56.1,61.2
1917,1,TRANQUILLE,BC,-7.5,30.3,30.3
1917,1,VAVENBY,BC,-11.7,85.0,85.0
1917,1,GLACIER,BC,-10.2,356.9,356.9
1917,1,REVELSTOKE,BC,-7.1,123.3,130.4
1917,1,VALEMOUNT,BC,-12.7,23.3,23.8
1917,1,FORT ST JOHN,BC,-20.5,35.6,35.6
1917,1,HUDSON HOPE,BC,-18.1,21.6,21.6
1917,1,ATLIN,BC,-16.7,35.0,35.0
1917,1,CARCROSS,YT,-18.0,17.8,17.8
1917,1,DAWSON,YT,-31.5,12.7,12.7
1917,1,FORT GOOD HOPE 2,NT,-32.7,8.3,8.3
1917,1,FORT MCPHERSON,NT,-30.4,10.1,10.1
1917,1,TULITA A,NT,-29.3,12.1,12.1
1917,1,FORT SIMPSON,NT,-30.9,21.3,21.3
1917,1,HAY RIVER,NT,-28.7,13.5,13.5
1917,1,ALLIANCE,AB,-17.3,0.0,0.0
1917,1,CALMAR,AB,-15.6,19.6,19.6
1917,1,EDMONTON,AB,-15.7,47.5,48.0
1917,1,ELK POINT,AB,-20.9,30.0,30.0
1917,1,HALKIRK,AB,-18.7,11.7,13.5
1917,1,HARDISTY,AB,-16.5,25.4,32.3
1917,1,RANFURLY,AB,-18.9,37.1,38.9
1917,1,ROCKY MOUNTAIN HOUSE,AB,-18.9,40.5,40.5
1917,1,SION,AB,-18.3,53.7,53.7
1917,1,VERMILION,AB,-20.3,35.7,36.2
1917,1,DAYSLAND,AB,-16.8,60.5,61.3
1917,1,ALIX,AB,-15.4,40.2,42.0
1917,1,DIDSBURY,AB,-11.8,12.7,12.7
1917,1,HARMATTAN,AB,-14.0,10.1,10.1
1917,1,HILLSDOWN,AB,-13.8,37.9,38.7
1917,1,JENNER,AB,-15.0,10.1,10.1
1917,1,LACOMBE CDA,AB,-14.5,19.1,19.1
1917,1,OLDS,AB,-10.9,15.3,15.3
1917,1,RED DEER,AB,-15.2,21.1,21.1
1917,1,SPRINGDALE,AB,-16.1,34.3,34.3
1917,1,BASSANO DAM,AB,-13.7,6.3,6.3
1917,1,BASSANO GEM,AB,-15.4,18.9,18.9
1917,1,CALGARY INT'L A,AB,-10.4,8.6,8.6
1917,1,CARWAY,AB,-10.8,53.3,53.3
1917,1,CLARESHOLM EXP FARM,AB,-11.2,5.8,5.8
1917,1,FORT MACLEOD,AB,-9.1,32.9,32.9
1917,1,GLEICHEN,AB,-13.7,5.1,5.1
1917,1,LETHBRIDGE CDA,AB,-10.4,10.9,10.9
1917,1,MEDICINE HAT A,AB,-11.7,13.4,18.5
1917,1,OKOTOKS,AB,-12.3,6.3,6.3
1917,1,PINCHER CREEK TOWN,AB,-8.8,20.1,20.1
1917,1,RONALANE,AB,-12.8,3.1,7.2
1917,1,SUFFIELD,AB,-14.2,5.1,5.1
1917,1,VAUXHALL,AB,-13.3,15.2,15.2
1917,1,BANFF,AB,-11.4,18.3,18.3
1917,1,JASPER,AB,-15.9,7.6,7.9
1917,1,LUNDBRECK,AB,-11.9,23.5,23.5
1917,1,NORDEGG,AB,-11.7,19.1,19.1
1917,1,PEKISKO,AB,-11.7,17.8,17.8
1917,1,ATHABASCA LANDING,AB,-20.7,26.4,26.4
1917,1,CAMPSIE,AB,-17.1,32.1,32.1
1917,1,EDSON,AB,-15.4,43.1,43.1
1917,1,FT MCMURRAY,AB,-25.3,0.0,0.0
1917,1,BEAVERLODGE CDA,AB,-16.6,63.4,63.4
1917,1,DUNVEGAN,AB,-21.5,47.0,47.0
1917,1,FORT CHIPEWYAN,AB,-29.2,42.7,42.7
1917,1,FORT VERMILION CDA,AB,-27.8,11.7,11.7
1917,1,WABASCA,AB,-20.3,28.7,28.7
1917,1,CARON,SK,-17.4,25.5,25.5
1917,1,CRESCENT LAKE,SK,-23.5,38.3,38.3
1917,1,ESTEVAN,SK,-18.4,5.1,5.1
1917,1,FORT QU'APPELLE,SK,-21.6,60.1,60.1
1917,1,GRENFELL,SK,-20.9,30.4,30.4
1917,1,HUBBARD,SK,-24.0,50.8,50.8
1917,1,HUMBOLDT,SK,-24.2,17.0,17.0
1917,1,IMPERIAL,SK,-20.3,11.4,11.4
1917,1,INDIAN HEAD CDA,SK,-21.7,36.8,36.8
1917,1,MOOSE JAW CHAB,SK,-17.5,32.1,32.1
1917,1,MUENSTER,SK,-23.4,7.7,7.7
1917,1,QU'APPELLE,SK,-20.1,54.4,54.4
1917,1,REGINA A,SK,-20.0,27.8,27.8
1917,1,WHITEWOOD,SK,-21.6,31.8,31.8
1917,1,ASSINIBOIA,SK,-15.2,12.7,12.7
1917,1,CHAPLIN,SK,-23.0,9.7,9.7
1917,1,KLINTONEL,SK,-15.5,38.4,38.4
1917,1,SWIFT CURRENT,SK,-15.2,28.5,28.5
1917,1,WAPASHOE,SK,-15.4,15.2,15.2
1917,1,WILLOW CREEK,SK,-15.1,17.5,17.5
1917,1,ANGLIA,SK,-19.4,22.9,22.9
1917,1,BATTLEFORD,SK,-20.0,27.2,27.2
1917,1,LLOYDMINSTER,SK,-18.5,0.0,0.0
1917,1,LUSELAND,SK,-18.9,20.3,20.3
1917,1,ONION LAKE,SK,-21.0,0.0,0.0
1917,1,PRINCE,SK,-22.5,10.7,10.7
1917,1,ST WALBURG,SK,-22.8,38.5,38.5
1917,1,SCOTT CDA,SK,-19.8,15.2,15.2
1917,1,WASECA,SK,-19.7,43.2,43.2
1917,1,HALCYONIA,SK,-16.8,17.7,17.7
1917,1,MACDOWALL,SK,-23.9,12.9,12.9
1917,1,MELFORT,SK,-23.8,28.0,28.0
1917,1,OUTLOOK,SK,-19.8,49.6,49.6
1917,1,PILGER,SK,-24.1,19.8,19.8
1917,1,PRINCE ALBERT,SK,-23.1,29.3,29.3
1917,1,ROSTHERN,SK,-22.9,24.0,24.0
1917,1,SASKATOON A,SK,-21.2,33.0,33.0
1917,1,SASKATOON U OF S,SK,-21.7,7.2,7.2
1917,1,BIRTLE,MB,-24.4,19.9,19.9
1917,1,BRANDON CDA,MB,-23.2,45.6,45.6
1917,1,HAMIOTA,MB,-23.7,20.9,20.9
1917,1,HILLVIEW,MB,-23.3,63.5,63.5
1917,1,MINNEDOSA,MB,-22.4,56.3,56.3
1917,1,ST ALBANS,MB,-21.6,46.4,46.4
1917,1,SOURIS,MB,-21.7,71.1,71.1
1917,1,SWAN LAKE,MB,-21.8,35.5,35.5
1917,1,TREHERNE,MB,-21.0,26.9,26.9
1917,1,ALMASIPPI,MB,-22.4,26.6,26.6
1917,1,MORDEN,MB,-20.6,25.5,25.5
1917,1,MORRIS,MB,-23.2,16.4,16.4
1917,1,NINETTE,MB,-21.5,27.8,27.8
1917,1,NINGA,MB,-21.5,0.0,0.0
1917,1,OAKBANK,MB,-23.5,50.7,50.7
1917,1,SPRAGUE,MB,-23.8,17.7,17.7
1917,1,STONY MOUNTAIN,MB,-23.9,28.0,28.0
1917,1,WINNIPEG ST JOHNS COLL,MB,-22.2,28.0,28.0
1917,1,BERENS RIVER,MB,-26.4,28.0,28.0
1917,1,INDIAN BAY,MB,-22.9,11.6,11.6
1917,1,PINAWA,MB,-24.6,30.8,30.8
1917,1,DAUPHIN,MB,-21.1,80.0,80.0
1917,1,MOOSEHORN,MB,-24.6,61.4,61.4
1917,1,THE PAS,MB,-26.1,9.0,9.0
1917,1,PORT NELSON,MB,-30.3,3.9,3.9
1917,1,FORT FRANCES,ON,-18.2,10.0,10.0
1917,1,MINE CENTRE,ON,-21.9,18.0,18.0
1917,1,DRYDEN,ON,-24.6,28.6,28.6
1917,1,IGNACE,ON,-23.0,63.5,63.5
1917,1,KENORA,ON,-22.4,36.8,36.8
1917,1,SIOUX LOOKOUT,ON,-26.6,33.7,33.7
1917,1,HERON BAY,ON,-21.4,111.7,111.7
1917,1,KAKABEKA FALLS,ON,-20.7,26.7,26.7
1917,1,PORT ARTHUR,ON,-16.7,8.4,8.4
1917,1,QUORN,ON,-24.1,38.1,38.1
1917,1,SAVANNE,ON,-24.2,27.9,27.9
1917,1,SCHREIBER,ON,-16.6,60.9,60.9
1917,1,WHITE RIVER,ON,-20.5,24.6,24.6
1917,1,BISCOTASING,ON,-17.1,26.7,26.7
1917,1,CHAPLEAU 2,ON,-17.7,38.1,38.1
1917,1,RUEL,ON,-13.9,35.6,35.6
1917,1,TURBINE,ON,-13.5,24.1,24.1
1917,1,COCHRANE,ON,-20.0,15.1,15.1
1917,1,HAILEYBURY,ON,-16.3,40.1,40.1
1917,1,IROQUOIS FALLS,ON,-22.6,7.2,7.2
1917,1,MONTREAL RIVER,ON,-16.3,53.5,53.5
1917,1,MOOSE FACTORY,ON,-23.4,8.9,8.9
1917,1,WAWAITIN,ON,-20.0,31.5,31.5
1917,1,MADAWASKA,ON,-13.7,116.8,116.8
1917,1,NORTH BAY,ON,-13.5,69.9,69.9
1917,1,RUTHERGLEN,ON,-14.7,95.9,95.9
1917,1,STURGEON FALLS,ON,-14.4,33.0,33.0
1917,1,GORE BAY,ON,-8.1,57.2,57.2
1917,1,ALMONTE,ON,-13.3,74.6,74.6
1917,1,BROCKVILLE,ON,-9.8,27.9,50.8
1917,1,CLONTARF,ON,-12.2,69.8,69.8
1917,1,KINGSTON QUEENS U,ON,-8.1,35.2,74.3
1917,1,MORRISBURG,ON,-12.7,68.6,100.3
1917,1,OTTAWA,ON,-12.3,99.5,99.5
1917,1,OTTAWA CDA,ON,-12.6,100.7,103.5
1917,1,PEMBROKE EDDY MATCH,ON,-13.0,74.1,74.1
1917,1,RENFREW,ON,-13.3,59.9,59.9
1917,1,STONECLIFFE,ON,-12.6,53.3,53.6
1917,1,BARRIE,ON,-8.2,79.0,89.3
1917,1,BEATRICE,ON,-9.6,120.7,120.7
1917,1,BEETON,ON,-7.0,32.6,50.2
1917,1,COLDWATER,ON,-9.5,90.8,90.8
1917,1,COLLINGWOOD,ON,-7.9,58.6,58.9
1917,1,MEAFORD,ON,-7.5,103.8,106.6
1917,1,OWEN SOUND,ON,-6.8,72.9,72.9
1917,1,PARRY SOUND,ON,-9.8,116.8,116.8
1917,1,RONVILLE,ON,-12.2,66.1,66.1
1917,1,BRUCEFIELD,ON,-6.6,13.0,48.1
1917,1,GODERICH TOWNSHIP,ON,-4.8,44.5,56.2
1917,1,LUCKNOW,ON,-7.5,60.6,65.1
1917,1,SOUTHAMPTON,ON,-6.2,73.4,73.4
1917,1,TOBERMORY,ON,-6.9,78.6,78.6
1917,1,WALKERTON,ON,-6.9,51.3,61.0
1917,1,CHATHAM 2,ON,-5.9,53.3,64.7
1917,1,COTTAM,ON,-6.5,45.8,122.2
1917,1,DUTTON 2,ON,-6.5,20.2,62.4
1917,1,GRIMSBY,ON,-5.3,13.6,64.4
1917,1,GRIMSBY ROCK CHAPEL,ON,-6.7,35.6,79.8
1917,1,LEAMINGTON,ON,-5.3,25.5,61.6
1917,1,PELEE ISLAND,ON,-5.0,35.5,72.2
1917,1,PORT DOVER,ON,-7.5,95.1,126.4
1917,1,PORT STANLEY,ON,-6.1,42.6,80.6
1917,1,WALLACEBURG,ON,-6.9,26.2,48.9
1917,1,WELLAND,ON,-5.9,30.4,69.7
1917,1,WINDSOR RIVERSIDE,ON,-5.4,31.7,59.7
1917,1,ELORA,ON,-8.1,32.8,55.4
1917,1,GUELPH OAC,ON,-7.3,31.4,31.4
1917,1,LISTOWEL,ON,-8.2,61.0,86.4
1917,1,LONDON SOUTH,ON,-7.3,72.1,100.4
1917,1,LUCAN,ON,-7.3,101.5,115.4
1917,1,MOUNT FOREST,ON,-7.0,122.7,135.9
1917,1,PARIS,ON,-6.9,52.2,82.2
1917,1,STRATFORD,ON,-7.6,52.2,72.2
1917,1,WOODSTOCK,ON,-7.3,33.4,57.5
1917,1,ALTON,ON,-8.8,38.2,58.0
1917,1,AURORA,ON,-9.0,45.7,51.8
1917,1,BLOOMFIELD,ON,-7.6,40.6,73.7
1917,1,GEORGETOWN,ON,-7.3,38.3,62.6
1917,1,STONEY CREEK,ON,-5.5,28.0,59.1
1917,1,TORONTO,ON,-5.2,45.5,75.5
1917,1,TORONTO AGINCOURT,ON,-7.3,56.4,82.5
1917,1,UXBRIDGE,ON,-8.4,35.5,54.6
1917,1,WEXFORD,ON,-7.1,48.0,69.3
1917,1,KINMOUNT,ON,-12.7,73.5,73.5
1917,1,LAKEFIELD,ON,-10.6,12.1,38.1
1917,1,LINDSAY,ON,-9.8,36.5,58.9
1917,1,PETERBOROUGH,ON,-9.1,20.3,35.3
1917,1,QUEENSBORO,ON,-11.0,17.8,43.5
1917,1,CAP ROUGE,QC,-13.4,116.0,128.7
1917,1,JOLIETTE,QC,-14.8,73.0,73.0
1917,1,QUEBEC,QC,-13.5,119.6,124.1
1917,1,ST LIN DES LAURENTIDES,QC,-16.2,82.0,103.6
1917,1,SHAWINIGAN,QC,-17.7,94.9,94.9
1917,1,BEAUCEVILLE,QC,-13.9,127.1,128.4
1917,1,DISRAELI,QC,-14.5,88.8,97.9
1917,1,DRUMMONDVILLE,QC,-14.6,68.1,105.5
1917,1,LAKE MEGANTIC,QC,-12.6,93.9,93.9
1917,1,LAMBTON,QC,-11.4,109.9,109.9
1917,1,LENNOXVILLE,QC,-12.1,69.1,90.9
1917,1,MACDONALD COLLEGE,QC,-12.5,76.2,87.3
1917,1,MONTREAL MCGILL,QC,-11.2,102.2,130.7
1917,1,NICOLET,QC,-14.5,73.5,73.5
1917,1,SHERBROOKE,QC,-10.4,96.5,103.9
1917,1,SOREL,QC,-14.4,43.1,43.1
1917,1,BARK LAKE,QC,-15.2,77.2,77.2
1917,1,HUBERDEAU,QC,-13.5,50.0,50.0
1917,1,NOMININGUE,QC,-15.8,76.3,76.3
1917,1,HARRINGTON HARBOUR,QC,-14.0,58.3,68.9
1917,1,LA MALBAIE,QC,-15.3,55.9,55.9
1917,1,NATASHQUAN A,QC,-16.0,85.0,138.4
1917,1,ST FEREOL,QC,-16.7,155.0,155.5
1917,1,ANTICOSTI SW POINT,QC,-11.4,63.4,82.7
1917,1,ARMAGH,QC,-13.8,76.0,101.4
1917,1,GASPE,QC,-14.4,93.9,96.5
1917,1,LA POCATIERE CDA,QC,-13.0,78.9,78.9
1917,1,POINTE AU PERE,QC,-14.8,26.9,30.7
1917,1,MISTASSINI,QC,-20.9,72.7,72.7
1917,1,ROBERVAL NORD,QC,-20.5,27.7,27.7
1917,1,BARRAGE GOUIN,QC,-18.6,48.7,48.7
1917,1,LA TUQUE,QC,-17.7,57.3,57.3
1917,1,BARRAGE ANGLIERS,QC,-17.6,41.9,41.9
1917,1,BARRAGE TEMISCAMINGUE,QC,-17.7,64.6,64.6
1917,1,VILLE MARIE,QC,-15.8,157.4,157.4
1917,1,ABITIBI POST,QC,-19.6,22.9,22.9
1917,1,AMOS,QC,-20.6,41.8,41.8
1917,1,MISTASSINI POST,QC,-24.5,56.0,56.0
1917,1,CHATHAM,NB,-12.3,54.1,74.2
1917,1,FREDERICTON CDA,NB,-12.0,83.8,129.3
1917,1,FREDERICTON UNB,NB,-11.2,69.0,108.6
1917,1,MONCTON,NB,-10.1,19.1,48.9
1917,1,SAINT JOHN,NB,-7.7,36.8,109.8
1917,1,SUSSEX,NB,-9.8,25.4,88.7
1917,1,WILLIAMSBURG,NB,-13.9,100.3,113.5
1917,1,ANNAPOLIS ROYAL,NS,-5.1,48.2,96.4
1917,1,COLLEGEVILLE,NS,-9.5,33.0,112.0
1917,1,HALIFAX,NS,-5.3,32.1,149.3
1917,1,KENTVILLE CDA,NS,-7.3,40.7,99.8
1917,1,LIVERPOOL,NS,-5.6,33.0,128.3
1917,1,NAPPAN CDA,NS,-9.0,43.3,86.1
1917,1,PARRSBORO,NS,-9.1,15.3,43.2
1917,1,SABLE ISLAND,NS,-1.9,27.3,81.8
1917,1,SAULNIERVILLE,NS,-4.6,10.2,78.6
1917,1,STILLWATER,NS,-8.8,27.9,125.1
1917,1,SYDNEY,NS,-6.7,57.2,112.5
1917,1,UPPER STEWIACKE,NS,-9.1,29.2,105.7
1917,1,WHITEHEAD,NS,-6.4,38.0,68.5
1917,1,WINDSOR KINGS COLLEGE,NS,-6.5,39.4,68.4
1917,1,WOLFVILLE,NS,-6.3,58.2,94.8
1917,1,YARMOUTH,NS,-3.0,44.5,124.1
1917,1,CHARLOTTETOWN,PE,-9.1,38.2,93.1
1917,1,CHARLOTTETOWN CDA,PE,-9.4,54.9,105.2
1917,1,BURIN,NL,-4.7,86.4,147.3
1917,1,PORT AUX BASQUES,NL,-6.5,79.8,133.2
1917,1,ST JOHN'S,NL,-6.0,27.9,56.3
1917,1,BELLE ISLE,NL,-13.8,12.2,20.3
2017,9,CHEMAINUS,BC,17.1,0.0,36.2
2017,9,LAKE COWICHAN,BC,16.2,0.0,34.6
2017,9,GALIANO NORTH,BC,16.7,0.0,35.8
2017,9,NORTH PENDER ISLAND,BC,17.7,0.0,16.4
2017,9,SAANICHTON CDA,BC,16.2,0.0,18.7
2017,9,SALTSPRING ST MARY'S L,BC,17.3,0.0,25.6
2017,9,SHAWNIGAN LAKE,BC,16.9,0.0,25.7
2017,9,VICTORIA INTL A,BC,15.8,0.0,20.2
2017,9,WILLIAM HEAD,BC,15.9,0.0,17.6
2017,9,CAMPBELL RIVER A,BC,14.9,0.0,66.8
2017,9,CAPE MUDGE,BC,16.1,0.0,55.6
2017,9,CHROME ISLAND,BC,16.5,0.0,38.9
2017,9,COMOX A,BC,16.2,0.0,35.4
2017,9,CORTES ISLAND TIBER BAY,BC,16.2,0.0,65.5
2017,9,COURTENAY GRANTHAM,BC,16.3,0.0,50.4
2017,9,COURTENAY PUNTLEDGE,BC,15.4,0.0,37.5
2017,9,HERIOT BAY SE,BC,15.3,0.0,64.4
2017,9,LITTLE QUALICUM HATCHERY,BC,14.1,0.0,39.3
2017,9,NANAIMO A,BC,16.4,0.0,48.0
2017,9,PINE ISLAND,BC,14.3,0.0,71.2
2017,9,PORT HARDY A,BC,12.7,0.0,132.8
2017,9,QUALICUM R FISH RESEARCH,BC,15.4,0.0,31.9
2017,9,QUINSAM RIVER HATCHERY,BC,15.5,0.0,59.6
2017,9,ENTRANCE ISLAND,BC,16.4,0.0,54.6
2017,9,CAPE BEALE LIGHT,BC,14.7,0.0,78.8
2017,9,ESTEVAN POINT,BC,14.7,0.0,149.6
2017,9,LENNARD ISLAND,BC,13.7,0.0,110.8
2017,9,NITINAT RIVER HATCHERY,BC,15.9,0.0,95.3
2017,9,NOOTKA LIGHTSTATION,BC,15.8,0.0,111.3
2017,9,PACHENA POINT,BC,14.1,0.0,82.0
2017,9,PORT ALBERNI COX LAKE,BC,22.7,0.0,2.4
2017,9,QUATSINO,BC,14.3,0.0,73.8
2017,9,TOFINO A,BC,14.7,0.0,92.8
2017,9,UCLUELET KENNEDY CAMP,BC,15.1,0.0,96.2
2017,9,ZEBALLOS MURAUDE CREEK,BC,15.9,0.0,202.4
2017,9,GIBSONS GOWER POINT,BC,16.7,0.0,73.0
2017,9,MERRY ISLAND LIGHTSTATION,BC,16.9,0.0,56.4
2017,9,POWELL RIVER A,BC,15.4,0.0,52.4
2017,9,WHISTLER,BC,14.1,0.0,51.0
2017,9,LANGARA,BC,13.0,0.0,131.2
2017,9,ADDENBROKE ISLAND,BC,14.5,0.0,242.4
2017,9,BELLA COOLA A,BC,14.5,0.0,115.8
2017,9,BOAT BLUFF,BC,14.5,0.0,532.4
2017,9,BONILLA ISLAND,BC,13.5,0.0,165.6
2017,9,DRYAD POINT,BC,15.0,0.0,241.8
2017,9,EGG ISLAND,BC,12.5,0.0,119.0
2017,9,GREEN ISLAND,BC,13.1,0.0,151.6
2017,9,IVORY ISLAND,BC,14.5,0.0,230.2
2017,9,KEMANO,BC,14.6,0.0,176.1
2017,9,KITIMAT TOWNSITE,BC,13.5,0.0,189.1
2017,9,KITIMAT 2,BC,14.1,0.0,221.0
2017,9,MCINNES ISLAND,BC,14.5,0.0,245.0
2017,9,TERRACE PCC,BC,14.2,0.0,90.6
2017,9,TERRACE A,BC,13.4,0.0,103.9
2017,9,TRIPLE ISLAND,BC,13.6,0.0,90.4
2017,9,EQUITY SILVER,BC,8.7,0.0,50.0
2017,9,HOUSTON,BC,11.7,0.0,2.8
2017,9,SMITHERS A,BC,12.1,0.0,82.8
2017,9,SUSKWA VALLEY,BC,10.1,0.0,103.6
2017,9,FORT ST JAMES,BC,11.5,0.0,9.4
2017,9,MCLEESE LAKE GRANITE MT,BC,10.4,0.0,32.6
2017,9,PRINCE GEORGE STP,BC,12.7,0.0,62.8
2017,9,SPOKIN LAKE 4E,BC,9.6,0.0,46.8
2017,9,WILLIAMS LAKE A,BC,12.2,0.0,37.8
2017,9,VANDERHOOF,BC,12.3,0.0,64.0
2017,9,108 MILE HOUSE ABEL LAKE,BC,12.9,0.0,23.8
2017,9,ABBOTSFORD A,BC,17.2,0.0,75.5
2017,9,AGASSIZ CDA,BC,17.5,0.0,81.0
2017,9,BURNABY SIMON FRASER U,BC,17.1,0.0,55.6
2017,9,CLOVERDALE EAST,BC,16.2,0.0,43.9
2017,9,DELTA TSAWWASSEN BEACH,BC,15.0,0.0,37.8
2017,9,FORT LANGLEY TELEGRAPH TRAIL,BC,17.0,0.0,50.0
2017,9,HANEY UBC RF ADMIN,BC,16.8,0.0,67.6
2017,9,MISSION WEST ABBEY,BC,17.7,0.0,81.0
2017,9,N VANC GROUSE MTN RESORT,BC,12.4,0.0,88.0
2017,9,PORT MOODY GLENAYRE,BC,17.1,0.0,48.0
2017,9,RICHMOND NATURE PARK,BC,16.8,0.0,35.6
2017,9,SUMAS CANAL,BC,18.5,0.0,59.6
2017,9,VANCOUVER INTL A,BC,16.0,0.0,29.4
2017,9,WHISTLER ROUNDHOUSE,BC,11.2,0.0,14.4
2017,9,N VAN SEYMOUR HATCHERY,BC,16.0,0.0,73.8
2017,9,HOPE SLIDE,BC,13.8,0.0,35.4
2017,9,JELLICOE,BC,13.0,0.0,5.8
2017,9,MERRITT STP,BC,15.6,0.0,5.2
2017,9,OKANAGAN CENTRE,BC,17.7,0.0,20.6
2017,9,OLIVER STP,BC,17.2,0.0,3.6
2017,9,PEACHLAND,BC,17.6,0.0,8.4
2017,9,PENTICTON A,BC,16.2,0.0,9.6
2017,9,PRINCETON A,BC,13.8,0.0,5.4
2017,9,VERNON NORTH,BC,17.0,0.0,7.0
2017,9,VERNON SILVER STAR LODGE,BC,13.8,0.0,0.0
2017,9,MIDWAY,BC,14.3,0.0,6.8
2017,9,BILLINGS,BC,16.3,0.0,13.8
2017,9,CASTLEGAR A,BC,16.5,0.0,10.6
2017,9,CASTLEGAR BCHPA DAM,BC,16.7,0.0,7.8
2017,9,DUNCAN LAKE DAM,BC,13.4,0.0,19.2
2017,9,KASLO,BC,15.5,0.0,6.6
2017,9,NELSON NE,BC,16.0,0.0,7.4
2017,9,NEW DENVER,BC,15.7,0.0,16.2
2017,9,NELSON RIXEN CREEK,BC,16.7,0.0,8.7
2017,9,CRANBROOK A,BC,13.7,0.2,7.4
2017,9,FERNIE,BC,13.4,0.0,30.0
2017,9,KIMBERLEY PCC,BC,13.3,0.0,3.6
2017,9,KOOTENAY NP WEST GATE,BC,12.8,0.0,6.6
2017,9,SPARWOOD,BC,11.8,0.0,9.0
2017,9,WASA,BC,14.1,0.0,22.8
2017,9,BLUE RIVER A,BC,12.0,0.0,57.0
2017,9,CRISS CREEK,BC,10.4,0.0,21.8
2017,9,DARFIELD,BC,14.6,0.0,21.0
2017,9,KAMLOOPS A,BC,17.2,0.0,6.0
2017,9,100 MILE HOUSE 6NE,BC,11.6,0.0,34.2
2017,9,RED LAKE,BC,12.6,0.0,22.4
2017,9,SILVER CREEK,BC,14.8,0.0,8.7
2017,9,VAVENBY,BC,13.2,0.0,44.2
2017,9,KAMLOOPS PRATT ROAD,BC,15.6,0.0,8.4
2017,9,GOLDEN A,BC,13.0,0.0,18.8
2017,9,GOLDSTREAM RIVER,BC,12.9,0.0,64.0
2017,9,MICA DAM,BC,11.4,0.0,49.2
2017,9,YOHO NP OHARA LAKE,BC,7.6,16.4,64.9
2017,9,CHETWYND A,BC,11.9,0.0,87.0
2017,9,FORT ST. JOHN A,BC,12.2,0.0,53.8
2017,9,FORT NELSON A,BC,11.4,0.0,15.2
2017,9,FORT NELSON UA,BC,13.4,0.0,3.4
2017,9,TETSA RIVER,BC,11.2,0.0,3.0
2017,9,ATLIN,BC,9.5,0.0,32.6
2017,9,PLEASANT CAMP,BC,9.2,0.0,153.4
2017,9,MAYO A,YT,8.7,0.0,47.8
2017,9,FORT SIMPSON A,NT,11.2,0.0,34.4
2017,9,FORT SMITH A,NT,11.0,0.0,38.2
2017,9,HAY RIVER A,NT,11.0,0.0,20.4
2017,9,NORMAN WELLS A,NT,8.3,0.0,28.0
2017,9,YELLOWKNIFE A,NT,10.3,0.0,11.2
2017,9,YELLOWKNIFE-HENDERSON,NT,12.7,0.0,11.6
2017,9,BAKER LAKE A,NU,5.2,0.0,11.6
2017,9,KUGLUKTUK A,NU,5.5,2.6,22.3
2017,9,CORAL HARBOUR A,NU,2.0,7.6,60.8
2017,9,RANKIN INLET A,NU,5.0,0.0,18.8
2017,9,CAMBRIDGE BAY A,NU,0.9,5.1,19.0
2017,9,EUREKA A,NU,-9.6,20.5,10.3
2017,9,RESOLUTE BAY A,NU,-5.0,17.2,20.0
2017,9,TALOYOAK A,NU,0.3,0.8,3.4
2017,9,EDMONTON INTL A,AB,11.0,8.4,65.7
2017,9,EDMONTON STONY PLAIN,AB,12.3,11.2,77.6
2017,9,FABYAN,AB,10.6,0.0,38.4
2017,9,FORESTBURG PLANT SITE,AB,12.7,0.0,38.8
2017,9,FORT SASKATCHEWAN,AB,12.2,0.0,30.0
2017,9,LLOYDMINSTER A,AB,11.7,0.0,19.4
2017,9,UNIVERSITY OF ALBERTA METABOLIC CENTRE,AB,13.2,0.0,53.6
2017,9,CRAIGMYLE,AB,11.9,0.0,29.8
2017,9,CALGARY INTL A,AB,12.6,0.0,20.3
2017,9,QUEENSTOWN,AB,11.5,0.0,10.6
2017,9,TABER,AB,13.6,0.0,8.1
2017,9,OKOTOKS,AB,12.8,0.0,47.8
2017,9,PICTURE BUTTE WEST,AB,12.9,0.0,21.0
2017,9,KANANASKIS,AB,11.1,14.6,64.8
2017,9,BRULE BLACK CAT,AB,11.4,0.0,83.4
2017,9,ENTWISTLE,AB,9.7,0.0,118.4
2017,9,GRANDE PRAIRIE A,AB,11.1,0.0,91.4
2017,9,HIGH LEVEL A,AB,11.1,0.0,7.6
2017,9,PEACE RIVER A,AB,11.0,0.0,20.0
2017,9,SIMONETTE,AB,10.9,0.0,92.8
2017,9,COLD LAKE A,AB,12.3,0.0,16.6
2017,9,BUFFALO POUND LAKE,SK,13.7,0.0,17.4
2017,9,ESTEVAN A,SK,13.3,0.0,38.4
2017,9,KELLIHER,SK,13.3,0.0,14.8
2017,9,KIPLING,SK,13.0,0.0,22.2
2017,9,LANGENBURG,SK,12.8,0.0,34.4
2017,9,LEROY,SK,12.8,0.0,25.0
2017,9,LIPTON 2,SK,13.6,0.0,15.8
2017,9,MUENSTER,SK,11.7,0.0,24.2
2017,9,OXBOW,SK,12.7,0.0,46.5
2017,9,QU'APPELLE 1,SK,13.6,0.0,12.6
2017,9,BEECHY,SK,13.4,0.0,0.0
2017,9,ELBOW 2 NE,SK,13.7,0.0,15.6
2017,9,ROCK POINT,SK,13.8,0.0,1.6
2017,9,STEWART VALLEY,SK,13.0,0.0,0.7
2017,9,CORONACH,SK,13.3,0.0,24.1
2017,9,BICKLEIGH,SK,12.7,0.0,22.6
2017,9,BUTTE ST PIERRE,SK,11.2,0.0,21.4
2017,9,KINDERSLEY A,SK,12.7,0.0,17.0
2017,9,SONNINGDALE,SK,12.2,0.0,15.2
2017,9,PRINCE ALBERT A,SK,11.8,0.0,21.4
2017,9,CIGAR LAKE,SK,8.7,0.0,56.5
2017,9,COLLINS BAY CAMECO,SK,8.6,0.0,83.8
2017,9,KEY LAKE,SK,10.1,0.0,61.4
2017,9,LA RONGE A,SK,11.7,0.0,77.0
2017,9,PELLY 2,SK,17.3,0.0,30.7
2017,9,BALDUR,MB,13.2,0.0,158.2
2017,9,BRANDON A,MB,12.7,0.0,79.2
2017,9,ELKHORN 2 EAST,MB,13.1,0.0,59.6
2017,9,VIRDEN WATER,MB,13.7,0.0,97.6
2017,9,MARQUETTE,MB,14.6,0.0,83.2
2017,9,STONY MOUNTAIN,MB,14.5,0.0,70.3
2017,9,GRAND RAPIDS HYDRO,MB,18.6,0.0,0.0
2017,9,HODGSON 3,MB,12.5,0.0,45.8
2017,9,INDIAN BAY,MB,13.5,0.0,133.0
2017,9,RENNIE,MB,12.7,0.0,147.3
2017,9,COWAN,MB,12.4,0.0,76.0
2017,9,MAFEKING,MB,13.6,0.0,44.8
2017,9,FLIN FLON,MB,13.2,0.0,75.8
2017,9,THE PAS A,MB,12.3,0.0,98.7
2017,9,CROSS LAKE JENPEG,MB,11.3,0.0,25.6
2017,9,GILLAM A,MB,9.7,0.0,48.2
2017,9,ISLAND LAKE A,MB,10.7,0.0,18.4
2017,9,THOMPSON A,MB,9.9,0.0,39.8
2017,9,BARWICK,ON,14.5,0.0,132.6
2017,9,MINE CENTRE SOUTHWEST,ON,13.5,0.0,141.0
2017,9,KENORA A,ON,13.6,0.0,160.7
2017,9,RAWSON LAKE,ON,13.6,0.0,148.5
2017,9,GERALDTON A,ON,11.5,0.0,208.1
2017,9,THUNDER BAY BURWOOD,ON,13.3,0.0,31.4
2017,9,SAULT STE MARIE A,ON,15.4,0.0,37.4
2017,9,MASSEY,ON,15.2,0.0,25.9
2017,9,MONETVILLE 2,ON,15.9,0.0,38.9
2017,9,SUDBURY A,ON,15.3,0.0,51.0
2017,9,BONNER LAKE,ON,12.8,0.0,107.5
2017,9,KAPUSKASING A,ON,12.9,0.0,100.4
2017,9,MOOSONEE UA,ON,11.9,0.0,67.6
2017,9,SANDFIELD,ON,17.0,0.0,287.8
2017,9,APPLETON,ON,17.2,0.0,43.6
2017,9,BROCKVILLE PCC,ON,17.7,0.0,51.2
2017,9,CHALK RIVER AECL,ON,17.4,0.0,9.8
2017,9,CORNWALL,ON,18.9,0.0,23.4
2017,9,DRUMMOND CENTRE,ON,16.9,0.0,28.4
2017,9,HARTINGTON IHD,ON,17.5,0.0,35.2
2017,9,LYNDHURST SHAWMERE,ON,17.8,0.0,39.0
2017,9,OMPAH-SEITZ,ON,16.9,0.0,54.8
2017,9,OTTAWA CDA,ON,17.9,0.0,51.6
2017,9,OTTAWA INTL A,ON,17.4,0.0,50.8
2017,9,ST. ALBERT,ON,17.6,0.0,58.0
2017,9,PETAWAWA HOFFMAN,ON,16.9,0.0,48.6
2017,9,BALDWIN,ON,16.8,0.0,59.4
2017,9,BARRIE LANDFILL,ON,19.0,0.0,55.9
2017,9,COLDWATER WARMINSTER,ON,17.4,0.0,68.6
2017,9,MARKDALE,ON,14.5,0.0,118.4
2017,9,ORILLIA BRAIN,ON,17.8,0.0,54.4
2017,9,SHANTY BAY,ON,17.2,0.0,56.8
2017,9,UDORA,ON,17.0,0.0,56.4
2017,9,WIARTON A,ON,16.1,0.0,54.4
2017,9,KINCARDINE,ON,18.4,0.0,71.0
2017,9,AMHERSTBURG,ON,19.4,0.0,56.4
2017,9,CHATHAM WPCP,ON,23.3,0.0,0.0
2017,9,FORT ERIE,ON,17.7,0.0,65.2
2017,9,GRIMSBY MOUNTAIN,ON,18.7,0.0,28.2
2017,9,KINGSVILLE MOE,ON,19.1,0.0,23.8
2017,9,NEW GLASGOW,ON,17.6,0.0,30.0
2017,9,PORT COLBORNE,ON,18.7,0.0,23.8
2017,9,ST THOMAS WPCP,ON,17.2,0.0,29.2
2017,9,WINDSOR RIVERSIDE,ON,19.8,0.0,30.4
2017,9,WINDSOR A,ON,18.3,0.0,35.4
2017,9,FERGUS SHAND DAM,ON,17.2,0.0,54.0
2017,9,FERGUS MOE,ON,16.6,0.0,60.4
2017,9,ROSEVILLE,ON,16.8,0.0,23.2
2017,9,STRATHROY-MULLIFARRY,ON,17.8,0.0,42.6
2017,9,WOODSTOCK,ON,17.4,0.0,17.4
2017,9,BELLEVILLE,ON,18.9,0.0,46.6
2017,9,CENTREVILLE,ON,17.9,0.0,49.0
2017,9,COBOURG STP,ON,18.3,0.0,1.2
2017,9,GEORGETOWN WWTP,ON,16.8,0.0,7.6
2017,9,HAMILTON A,ON,17.3,0.0,18.4
2017,9,OAKVILLE TWN,ON,19.1,0.0,24.6
2017,9,OSHAWA WPCP,ON,16.2,0.0,34.0
2017,9,TORONTO BUTTONVILLE A,ON,18.0,0.0,30.0
2017,9,TORONTO INTL A,ON,18.7,0.0,29.8
2017,9,TRENTON A,ON,17.4,0.0,54.1
2017,9,MOUNTAINVIEW,ON,19.1,0.0,46.4
2017,9,TORONTO NORTH YORK,ON,18.4,0.0,34.2
2017,9,COE HILL,ON,16.0,0.0,55.0
2017,9,HALIBURTON 3,ON,15.5,0.0,66.6
2017,9,MONTREAL INTL A,QC,18.4,0.0,53.8
2017,9,LOURDES DE BLANC SABLON A,QC,9.0,0.0,141.6
2017,9,GASPE A,QC,12.7,0.0,72.6
2017,9,MONT JOLI A,QC,13.5,0.0,62.4
2017,9,BAGOTVILLE A,QC,14.5,0.0,83.8
2017,9,ROBERVAL A,QC,14.1,0.0,52.2
2017,9,LA GRANDE RIVIERE A,QC,9.3,0.0,76.4
2017,9,KUUJJUAQ A,QC,6.6,1.0,65.6
2017,9,AROOSTOOK,NB,16.0,0.0,120.4
2017,9,BATHURST A,NB,14.2,0.0,73.4
2017,9,JUNIPER,NB,15.3,0.0,105.5
2017,9,MACTAQUAC PROV PARK,NB,14.0,0.0,3.0
2017,9,MONCTON INTL A,NB,15.8,0.0,93.5
2017,9,OAK POINT,NB,16.6,0.0,89.5
2017,9,SAINT JOHN A,NB,15.5,0.0,121.0
2017,9,WOODSTOCK,NB,16.4,0.0,57.2
2017,9,GREENWOOD A,NS,17.6,0.0,71.0
2017,9,HALIFAX INTL A,NS,16.6,0.0,142.1
2017,9,LAKE MAJOR,NS,17.1,0.0,128.7
2017,9,LYONS BROOK,NS,16.8,0.0,144.4
2017,9,POCKWOCK LAKE,NS,17.0,0.0,122.7
2017,9,ST MARGARET'S BAY,NS,17.3,0.0,148.3
2017,9,SYDNEY A,NS,15.4,0.0,145.3
2017,9,TATAMAGOUCHE,NS,16.0,0.0,104.4
2017,9,WATERVILLE CAMBRIDGE,NS,17.9,0.0,91.7
2017,9,YARMOUTH A,NS,16.4,0.0,54.9
2017,9,CHARLOTTETOWN A,PE,15.4,0.0,73.9
2017,9,NEW GLASGOW,PE,15.6,0.0,73.4
2017,9,BAY D'ESPOIR GEN STN,NL,13.1,0.0,80.4
2017,9,BURNT POND,NL,11.3,0.0,64.5
2017,9,CORNER BROOK,NL,13.5,0.0,133.0
2017,9,COW HEAD,NL,11.5,0.0,124.2
2017,9,DEER LAKE,NL,12.8,0.0,130.7
2017,9,DEER LAKE A,NL,11.2,0.0,155.2
2017,9,GANDER INTL A,NL,12.2,0.0,136.4
2017,9,HARBOUR BRETON,NL,13.3,0.0,77.0
2017,9,LETHBRIDGE,NL,13.0,0.0,89.0
2017,9,MIDDLE ARM,NL,10.7,0.0,128.2
2017,9,ST. JOHN'S INTL A,NL,13.1,0.0,264.8
2017,9,SOPS ARM WHITE BAY,NL,12.5,0.0,95.9
2017,9,STEPHENVILLE A,NL,13.2,0.0,170.8
2017,9,CARTWRIGHT A,NL,9.1,0.0,75.8
2017,9,GOOSE A,NL,10.0,0.2,122.6
